avg.exp,pct.exp,features.plot,id,avg.exp.scaled
0.00410509,0.403276623,VIP,Exc-L3-LINC00507-CTXN3,-0.305179639
1.427178173,75.4568368,SYP,Exc-L3-LINC00507-CTXN3,-0.160615763
0.309405902,2.425960933,SST,Exc-L3-LINC00507-CTXN3,0.20355412
0.21659701,13.08128544,RORB,Exc-L3-LINC00507-CTXN3,-0.528043605
5.177425422,95.66477631,RBFOX3,Exc-L3-LINC00507-CTXN3,1.037188981
0.005538139,0.611216131,PVALB,Exc-L3-LINC00507-CTXN3,-0.233355231
0.292887159,21.12161311,PCP4,Exc-L3-LINC00507-CTXN3,0.072850586
0.113543896,13.02457467,NTNG2,Exc-L3-LINC00507-CTXN3,-0.281267922
0.23911482,15.99873976,NTNG1,Exc-L3-LINC00507-CTXN3,-0.563378931
0.005251163,0.560806553,NPY,Exc-L3-LINC00507-CTXN3,-0.304647225
9.713077582,98.55702583,MAP2,Exc-L3-LINC00507-CTXN3,-0.040295101
1.783046458,75.6710775,LMO4,Exc-L3-LINC00507-CTXN3,0.128428866
0.003402241,0.491493384,LHX6,Exc-L3-LINC00507-CTXN3,-0.411820407
2.762096866,60.05040958,GPC5,Exc-L3-LINC00507-CTXN3,0.070979166
0.036924027,3.799621928,GAD2,Exc-L3-LINC00507-CTXN3,-0.564632381
0.028082629,3.100189036,GAD1,Exc-L3-LINC00507-CTXN3,-0.63182319
0.051541979,5.721487083,FOXP2,Exc-L3-LINC00507-CTXN3,-0.737992094
5.353074614,94.71959672,CUX2,Exc-L3-LINC00507-CTXN3,1.694934331
1.364123854,64.14618778,CCK,Exc-L3-LINC00507-CTXN3,-0.103433249
0.01191637,1.405166982,CALB2,Exc-L3-LINC00507-CTXN3,-0.333034711
0.022232179,2.84183995,CALB1,Exc-L3-LINC00507-CTXN3,-0.479013443
5.693174134,95.6899811,APP,Exc-L3-LINC00507-CTXN3,-0.527565784
0.14681636,10.04410838,ADARB2,Exc-L3-LINC00507-CTXN3,-0.46466608
0.963532796,64.53056081,ADARB1,Exc-L3-LINC00507-CTXN3,0.581960104
0.001984272,0.291767094,VIP,Exc-L5-RORB-LINC01202,-0.311764104
1.839236464,84.98033743,SYP,Exc-L5-RORB-LINC01202,1.872644722
0.01145537,1.002156539,SST,Exc-L5-RORB-LINC01202,-0.496893853
11.28926641,98.92173031,RORB,Exc-L5-RORB-LINC01202,2.331469358
3.392234605,93.93631866,RBFOX3,Exc-L5-RORB-LINC01202,-0.475553773
0.002547741,0.3932513,PVALB,Exc-L5-RORB-LINC01202,-0.268043367
0.028293229,3.615374857,PCP4,Exc-L5-RORB-LINC01202,-0.526232986
0.104295734,13.97944945,NTNG2,Exc-L5-RORB-LINC01202,-0.296521149
1.379558067,60.89052391,NTNG1,Exc-L5-RORB-LINC01202,-0.135214721
0.00552443,0.482049981,NPY,Exc-L5-RORB-LINC01202,-0.303720838
6.961367158,98.24939744,MAP2,Exc-L5-RORB-LINC01202,-1.574946432
3.762547169,94.1519726,LMO4,Exc-L5-RORB-LINC01202,1.8233728
0.004717422,0.570848662,LHX6,Exc-L5-RORB-LINC01202,-0.408268418
2.216528641,60.82709628,GPC5,Exc-L5-RORB-LINC01202,-0.205621121
0.0252234,2.917670937,GAD2,Exc-L5-RORB-LINC01202,-0.570224824
0.025781434,3.564632754,GAD1,Exc-L5-RORB-LINC01202,-0.633119437
6.365218041,96.96815933,FOXP2,Exc-L5-RORB-LINC01202,1.771223692
0.585073593,28.42826335,CUX2,Exc-L5-RORB-LINC01202,-0.539226611
1.803846312,76.39223646,CCK,Exc-L5-RORB-LINC01202,0.286515778
0.006052837,1.002156539,CALB2,Exc-L5-RORB-LINC01202,-0.343102023
0.006286739,0.951414436,CALB1,Exc-L5-RORB-LINC01202,-0.725736166
4.952192231,96.1182291,APP,Exc-L5-RORB-LINC01202,-1.382324364
0.079443139,7.991881263,ADARB2,Exc-L5-RORB-LINC01202,-0.467249231
0.787977628,63.46568565,ADARB1,Exc-L5-RORB-LINC01202,-0.097295194
0.001671525,0.318549375,VIP,Exc-L4-6-RORB-LCN15,-0.312735081
1.721393731,84.45234011,SYP,Exc-L4-6-RORB-LCN15,1.291161527
0.013746626,1.078167116,SST,Exc-L4-6-RORB-LCN15,-0.491507371
8.050459903,97.07179613,RORB,Exc-L4-6-RORB-LCN15,1.495048722
5.684781428,96.83901005,RBFOX3,Exc-L4-6-RORB-LCN15,1.467114519
0.003877092,0.612594952,PVALB,Exc-L4-6-RORB-LCN15,-0.252623108
0.525346635,32.52879196,PCP4,Exc-L4-6-RORB-LCN15,0.599176541
0.231507947,30.01715266,NTNG2,Exc-L4-6-RORB-LCN15,-0.086706866
1.221788424,40.14947317,NTNG1,Exc-L4-6-RORB-LCN15,-0.19444723
0.005507881,0.624846851,NPY,Exc-L4-6-RORB-LCN15,-0.30377694
9.515654352,98.84832149,MAP2,Exc-L4-6-RORB-LCN15,-0.150399646
2.243827155,87.89512374,LMO4,Exc-L4-6-RORB-LCN15,0.522971511
0.004327549,0.735113943,LHX6,Exc-L4-6-RORB-LCN15,-0.409321372
3.577133971,76.41509434,GPC5,Exc-L4-6-RORB-LCN15,0.484198789
0.022181445,3.07522666,GAD2,Exc-L4-6-RORB-LCN15,-0.57167876
0.027771178,3.393776035,GAD1,Exc-L4-6-RORB-LCN15,-0.631998628
5.156049039,94.13134036,FOXP2,Exc-L4-6-RORB-LCN15,1.290669112
0.182060457,11.21048763,CUX2,Exc-L4-6-RORB-LCN15,-0.728068057
1.22781763,52.19308993,CCK,Exc-L4-6-RORB-LCN15,-0.224310585
0.00799709,1.212938005,CALB2,Exc-L4-6-RORB-LCN15,-0.339763865
0.018862469,2.523891203,CALB1,Exc-L4-6-RORB-LCN15,-0.531152751
6.3905974,96.79000245,APP,Exc-L4-6-RORB-LCN15,0.276945793
0.108964008,10.70815976,ADARB2,Exc-L4-6-RORB-LCN15,-0.466117374
0.721094663,63.51384465,ADARB1,Exc-L4-6-RORB-LCN15,-0.356077714
0.002675024,0.508986798,VIP,Exc-L3-RORB-CARTPT,-0.309619538
1.523728495,83.52155241,SYP,Exc-L3-RORB-CARTPT,0.31580216
0.058295736,2.004135518,SST,Exc-L3-RORB-CARTPT,-0.386777455
4.657187451,82.47176714,RORB,Exc-L3-RORB-CARTPT,0.618737309
4.712842992,95.7531414,RBFOX3,Exc-L3-RORB-CARTPT,0.643509102
0.004741196,0.858915222,PVALB,Exc-L3-RORB-CARTPT,-0.242599633
0.0545759,8.14378877,PCP4,Exc-L3-RORB-CARTPT,-0.466724755
0.127274196,18.78479402,NTNG2,Exc-L3-RORB-CARTPT,-0.258622196
3.470667131,85.3030062,NTNG1,Exc-L3-RORB-CARTPT,0.649864294
0.004022562,0.588515985,NPY,Exc-L3-RORB-CARTPT,-0.308812236
8.622360581,98.75934468,MAP2,Exc-L3-RORB-CARTPT,-0.648596862
2.71112767,91.85621123,LMO4,Exc-L3-RORB-CARTPT,0.923096739
0.003359616,0.461269286,LHX6,Exc-L3-RORB-CARTPT,-0.411935528
0.943518142,45.26801336,GPC5,Exc-L3-RORB-CARTPT,-0.851030902
0.023399244,3.292508351,GAD2,Exc-L3-RORB-CARTPT,-0.571096699
0.022502343,3.372037538,GAD1,Exc-L3-RORB-CARTPT,-0.634966525
0.538611723,31.06410052,FOXP2,Exc-L3-RORB-CARTPT,-0.544418164
6.985187234,97.23238429,CUX2,Exc-L3-RORB-CARTPT,2.459699744
1.397426673,71.16271672,CCK,Exc-L3-RORB-CARTPT,-0.07390007
0.007508447,1.383807857,CALB2,Exc-L3-RORB-CARTPT,-0.340602833
0.145115594,18.64164148,CALB1,Exc-L3-RORB-CARTPT,1.422353311
6.211455428,96.93017337,APP,Exc-L3-RORB-CARTPT,0.070296835
0.261632162,15.74677907,ADARB2,Exc-L3-RORB-CARTPT,-0.460263937
0.804534249,69.20629871,ADARB1,Exc-L3-RORB-CARTPT,-0.033234576
1.276458654,44.18857661,VIP,Inh-L1-4-VIP-CHRNA2,2.5
1.220579925,58.04170444,SYP,Inh-L1-4-VIP-CHRNA2,-1.180054186
0.021177171,1.015412511,SST,Inh-L1-4-VIP-CHRNA2,-0.474039
0.159251718,7.615593835,RORB,Inh-L1-4-VIP-CHRNA2,-0.542853006
2.495951486,74.28830462,RBFOX3,Inh-L1-4-VIP-CHRNA2,-1.235050058
0.009968117,0.797824116,PVALB,Inh-L1-4-VIP-CHRNA2,-0.181968184
0.355117443,17.58839529,PCP4,Inh-L1-4-VIP-CHRNA2,0.213750041
0.154507787,12.43880326,NTNG2,Inh-L1-4-VIP-CHRNA2,-0.213705154
0.446804669,14.12511333,NTNG1,Inh-L1-4-VIP-CHRNA2,-0.485404547
0.021041451,0.979147779,NPY,Inh-L1-4-VIP-CHRNA2,-0.251117443
9.677585214,96.31912965,MAP2,Inh-L1-4-VIP-CHRNA2,-0.060089484
0.323925793,21.70444243,LMO4,Inh-L1-4-VIP-CHRNA2,-1.120940588
0.009486572,0.562103354,LHX6,Inh-L1-4-VIP-CHRNA2,-0.395388084
1.014484226,25.18585675,GPC5,Inh-L1-4-VIP-CHRNA2,-0.815051462
1.410547889,56.57298277,GAD2,Inh-L1-4-VIP-CHRNA2,0.091906221
3.172067305,78.78513146,GAD1,Inh-L1-4-VIP-CHRNA2,1.139160763
0.072862304,4.152311877,FOXP2,Inh-L1-4-VIP-CHRNA2,-0.729518853
0.099330718,5.113327289,CUX2,Inh-L1-4-VIP-CHRNA2,-0.766833056
2.884440023,53.00090662,CCK,Inh-L1-4-VIP-CHRNA2,1.244794024
2.20203685,66.21940163,CALB2,Inh-L1-4-VIP-CHRNA2,2.5
0.01931563,1.233000907,CALB1,Inh-L1-4-VIP-CHRNA2,-0.524141013
6.627677542,91.80417044,APP,Inh-L1-4-VIP-CHRNA2,0.55042924
55.44947327,98.96645512,ADARB2,Inh-L1-4-VIP-CHRNA2,1.655688212
0.726847558,44.22484134,ADARB1,Inh-L1-4-VIP-CHRNA2,-0.3338187
0.002840418,0.487804878,VIP,Inh-L3-4-PVALB-HOMER3,-0.309106041
1.468252145,75.95408895,SYP,Inh-L3-4-PVALB-HOMER3,0.042059652
0.072449729,3.098995696,SST,Inh-L3-4-PVALB-HOMER3,-0.35350302
0.06807119,6.857962697,RORB,Inh-L3-4-PVALB-HOMER3,-0.566400345
1.858485319,79.48350072,RBFOX3,Inh-L3-4-PVALB-HOMER3,-1.775228909
0.348700002,27.89096126,PVALB,Inh-L3-4-PVALB-HOMER3,2.5
0.025657065,3.414634146,PCP4,Inh-L3-4-PVALB-HOMER3,-0.532201689
0.034413478,4.246771879,NTNG2,Inh-L3-4-PVALB-HOMER3,-0.411779699
0.044001414,4.074605452,NTNG1,Inh-L3-4-PVALB-HOMER3,-0.636631658
0.007370776,0.545193687,NPY,Inh-L3-4-PVALB-HOMER3,-0.297461642
8.901758097,97.99139168,MAP2,Inh-L3-4-PVALB-HOMER3,-0.49277459
0.300353164,29.01004304,LMO4,Inh-L3-4-PVALB-HOMER3,-1.141124609
0.965754521,64.47632712,LHX6,Inh-L3-4-PVALB-HOMER3,2.187263037
3.836493124,44.93543759,GPC5,Inh-L3-4-PVALB-HOMER3,0.615692547
4.762760198,92.82639885,GAD2,Inh-L3-4-PVALB-HOMER3,1.69413289
4.998806504,91.13342898,GAD1,Inh-L3-4-PVALB-HOMER3,2.168149814
0.123790142,7.317073171,FOXP2,Inh-L3-4-PVALB-HOMER3,-0.709278832
2.588626478,54.69153515,CUX2,Inh-L3-4-PVALB-HOMER3,0.399586024
0.164488861,14.86370158,CCK,Inh-L3-4-PVALB-HOMER3,-1.167278157
0.004989042,0.573888092,CALB2,Inh-L3-4-PVALB-HOMER3,-0.34492849
0.094942604,9.038737446,CALB1,Inh-L3-4-PVALB-HOMER3,0.646030032
5.394454904,94.54806313,APP,Inh-L3-4-PVALB-HOMER3,-0.872152911
0.119248565,9.12482066,ADARB2,Inh-L3-4-PVALB-HOMER3,-0.465723054
1.597125105,78.68005739,ADARB1,Inh-L3-4-PVALB-HOMER3,2.5
0.003625075,0.422450211,VIP,Exc-L6-THEMIS-LINC00343,-0.306669932
1.589439395,84.49004225,SYP,Exc-L6-THEMIS-LINC00343,0.640046033
0.323405477,2.263126132,SST,Exc-L6-THEMIS-LINC00343,0.236465537
0.394413424,26.67471334,RORB,Exc-L6-THEMIS-LINC00343,-0.482122578
4.796184983,94.11587206,RBFOX3,Exc-L6-THEMIS-LINC00343,0.714131801
0.001528693,0.362100181,PVALB,Exc-L6-THEMIS-LINC00343,-0.279864158
0.019001594,3.31925166,PCP4,Exc-L6-THEMIS-LINC00343,-0.547270754
0.258343953,35.51599276,NTNG2,Exc-L6-THEMIS-LINC00343,-0.042445572
0.094565632,8.569704285,NTNG1,Exc-L6-THEMIS-LINC00343,-0.617647996
0.004239565,0.814725407,NPY,Exc-L6-THEMIS-LINC00343,-0.308076587
12.03019227,98.88352444,MAP2,Exc-L6-THEMIS-LINC00343,1.251978646
2.890653763,92.72782136,LMO4,Exc-L6-THEMIS-LINC00343,1.076815634
0.004713666,1.056125528,LHX6,Exc-L6-THEMIS-LINC00343,-0.408278564
1.819327452,64.90645745,GPC5,Exc-L6-THEMIS-LINC00343,-0.407000083
0.025254747,4.013277007,GAD2,Exc-L6-THEMIS-LINC00343,-0.570209841
0.027909055,3.37960169,GAD1,Exc-L6-THEMIS-LINC00343,-0.631920963
0.988481739,42.6071213,FOXP2,Exc-L6-THEMIS-LINC00343,-0.365628353
0.117416427,8.388654194,CUX2,Exc-L6-THEMIS-LINC00343,-0.758358564
2.312673641,77.61013881,CCK,Exc-L6-THEMIS-LINC00343,0.737747499
0.005314925,0.995775498,CALB2,Exc-L6-THEMIS-LINC00343,-0.344368969
0.036097474,5.009052505,CALB1,Exc-L6-THEMIS-LINC00343,-0.264476673
7.260372268,95.77549789,APP,Exc-L6-THEMIS-LINC00343,1.280273305
0.121465141,11.4061557,ADARB2,Exc-L6-THEMIS-LINC00343,-0.465638069
0.777718728,69.28183464,ADARB1,Exc-L6-THEMIS-LINC00343,-0.136988771
0.001818999,0.314070352,VIP,Exc-L3-5-RORB-HSPB3,-0.312277222
1.763610783,86.27512563,SYP,Exc-L3-5-RORB-HSPB3,1.499477352
0.011741097,1.099246231,SST,Exc-L3-5-RORB-HSPB3,-0.496222142
9.593336552,97.64447236,RORB,Exc-L3-5-RORB-HSPB3,1.893496072
2.615140918,90.10678392,RBFOX3,Exc-L3-5-RORB-HSPB3,-1.134050799
0.00367099,0.502512563,PVALB,Exc-L3-5-RORB-HSPB3,-0.255013852
0.104827919,8.385678392,PCP4,Exc-L3-5-RORB-HSPB3,-0.352946035
0.132042203,18.65577889,NTNG2,Exc-L3-5-RORB-HSPB3,-0.250758203
3.618131576,80.33919598,NTNG1,Exc-L3-5-RORB-HSPB3,0.705227853
0.005601434,0.376884422,NPY,Exc-L3-5-RORB-HSPB3,-0.303459789
7.627785578,97.86432161,MAP2,Exc-L3-5-RORB-HSPB3,-1.203279447
2.843766354,91.86557789,LMO4,Exc-L3-5-RORB-HSPB3,1.036668375
0.002722186,0.471105528,LHX6,Exc-L3-5-RORB-HSPB3,-0.413657075
0.475575204,26.13065327,GPC5,Exc-L3-5-RORB-HSPB3,-1.088275566
0.026318383,2.60678392,GAD2,Exc-L3-5-RORB-HSPB3,-0.569701465
0.016901727,2.66959799,GAD1,Exc-L3-5-RORB-HSPB3,-0.638121312
3.571365086,85.2701005,FOXP2,Exc-L3-5-RORB-HSPB3,0.66087532
2.006050776,47.89572864,CUX2,Exc-L3-5-RORB-HSPB3,0.126606242
1.355253908,66.5201005,CCK,Exc-L3-5-RORB-HSPB3,-0.11129918
0.009187795,1.601758794,CALB2,Exc-L3-5-RORB-HSPB3,-0.3377195
0.056019545,6.783919598,CALB1,Exc-L3-5-RORB-HSPB3,0.043776169
7.096109504,97.39321608,APP,Exc-L3-5-RORB-HSPB3,1.090788237
0.090294964,8.228643216,ADARB2,Exc-L3-5-RORB-HSPB3,-0.466833162
1.072370683,73.3040201,ADARB1,Exc-L3-5-RORB-HSPB3,1.003073949
0.011203541,0.44,VIP,Inh-L6-SST-NPY,-0.283141209
1.2823025,56.04,SYP,Inh-L6-SST-NPY,-0.875490304
1.69793545,29.28,SST,Inh-L6-SST-NPY,2.5
0.151222302,5.92,RORB,Inh-L6-SST-NPY,-0.5449266
3.270441308,79.04,RBFOX3,Inh-L6-SST-NPY,-0.578759506
0.008555718,0.72,PVALB,Inh-L6-SST-NPY,-0.198351788
0.071670415,3.72,PCP4,Inh-L6-SST-NPY,-0.428020001
0.037765477,2.6,NTNG2,Inh-L6-SST-NPY,-0.406251162
0.290561253,11.48,NTNG1,Inh-L6-SST-NPY,-0.544064054
1.189772139,4.88,NPY,Inh-L6-SST-NPY,2.5
10.34819438,95.32,MAP2,Inh-L6-SST-NPY,0.313914713
0.504324596,26.72,LMO4,Inh-L6-SST-NPY,-0.966474436
1.19805469,53.68,LHX6,Inh-L6-SST-NPY,2.5
2.349106868,30.64,GPC5,Inh-L6-SST-NPY,-0.138404641
2.622706139,70.28,GAD2,Inh-L6-SST-NPY,0.671270562
3.734903825,78.56,GAD1,Inh-L6-SST-NPY,1.456202526
0.187565156,6.4,FOXP2,Inh-L6-SST-NPY,-0.683933016
1.218247406,29.04,CUX2,Inh-L6-SST-NPY,-0.242537874
0.327087789,14.68,CCK,Inh-L6-SST-NPY,-1.023084262
0.020642007,1.56,CALB2,Inh-L6-SST-NPY,-0.318053352
0.232079288,10.28,CALB1,Inh-L6-SST-NPY,2.5
5.11982128,85.6,APP,Inh-L6-SST-NPY,-1.188956122
0.290725445,10.04,ADARB2,Inh-L6-SST-NPY,-0.459148474
0.802616345,44.24,ADARB1,Inh-L6-SST-NPY,-0.040655301
0.307081242,13.36701883,VIP,Inh-L1-5-VIP-KCNJ2,0.635464797
1.228411761,60.81763895,SYP,Inh-L1-5-VIP-KCNJ2,-1.141408774
0.216472269,7.946715664,SST,Inh-L1-5-VIP-KCNJ2,-0.014922333
0.406472937,16.58245292,RORB,Inh-L1-5-VIP-KCNJ2,-0.479008213
4.263534784,88.01102435,RBFOX3,Inh-L1-5-VIP-KCNJ2,0.26277236
0.011289893,0.597152044,PVALB,Inh-L1-5-VIP-KCNJ2,-0.166635803
0.106771074,7.165824529,PCP4,Inh-L1-5-VIP-KCNJ2,-0.348546415
0.206139198,11.98897565,NTNG2,Inh-L1-5-VIP-KCNJ2,-0.128548179
0.465652141,15.61782269,NTNG1,Inh-L1-5-VIP-KCNJ2,-0.478328515
0.0191844,1.699586587,NPY,Inh-L1-5-VIP-KCNJ2,-0.25741293
9.888216103,96.55489205,MAP2,Inh-L1-5-VIP-KCNJ2,0.05738108
0.524350092,32.8892972,LMO4,Inh-L1-5-VIP-KCNJ2,-0.949327641
0.008534078,0.780891135,LHX6,Inh-L1-5-VIP-KCNJ2,-0.397960544
0.556431272,20.16536518,GPC5,Inh-L1-5-VIP-KCNJ2,-1.047281956
3.665142835,81.48828663,GAD2,Inh-L1-5-VIP-KCNJ2,1.169514623
2.763476942,76.15985301,GAD1,Inh-L1-5-VIP-KCNJ2,0.909004751
0.24143583,5.052824989,FOXP2,Inh-L1-5-VIP-KCNJ2,-0.662523438
0.152214245,5.879650896,CUX2,Inh-L1-5-VIP-KCNJ2,-0.742053214
3.991452022,51.72255397,CCK,Inh-L1-5-VIP-KCNJ2,2.226500197
0.956930604,39.73357832,CALB2,Inh-L1-5-VIP-KCNJ2,1.289494217
0.019440895,1.515847497,CALB1,Inh-L1-5-VIP-KCNJ2,-0.522202793
6.687389658,93.38539274,APP,Inh-L1-5-VIP-KCNJ2,0.619310064
72.37758407,98.989435,ADARB2,Inh-L1-5-VIP-KCNJ2,2.304727415
0.635799614,41.70877354,ADARB1,Inh-L1-5-VIP-KCNJ2,-0.686099975
0.00356634,0.563813429,VIP,Exc-L5-6-THEMIS-GPR21,-0.306852284
1.304277806,80.36904152,SYP,Exc-L5-6-THEMIS-GPR21,-0.767055353
0.039885469,1.178882624,SST,Exc-L5-6-THEMIS-GPR21,-0.430057909
0.062850981,5.945668888,RORB,Exc-L5-6-THEMIS-GPR21,-0.567748462
4.483288424,93.79805228,RBFOX3,Exc-L5-6-THEMIS-GPR21,0.448988154
0.002672256,0.358790364,PVALB,Exc-L5-6-THEMIS-GPR21,-0.266599013
0.037546957,4.869297796,PCP4,Exc-L5-6-THEMIS-GPR21,-0.505281043
2.53991044,87.33982573,NTNG2,Exc-L5-6-THEMIS-GPR21,2.5
1.9425192,64.53100974,NTNG1,Exc-L5-6-THEMIS-GPR21,0.07614153
0.00935946,1.025115325,NPY,Exc-L5-6-THEMIS-GPR21,-0.290719914
8.53347387,97.43721169,MAP2,Exc-L5-6-THEMIS-GPR21,-0.698169705
3.246519522,90.46642747,LMO4,Exc-L5-6-THEMIS-GPR21,1.381525053
0.002770357,0.615069195,LHX6,Exc-L5-6-THEMIS-GPR21,-0.413526977
7.819883125,83.1368529,GPC5,Exc-L5-6-THEMIS-GPR21,2.5
0.018264183,3.126601743,GAD2,Exc-L5-6-THEMIS-GPR21,-0.573551058
0.016698031,2.767811379,GAD1,Exc-L5-6-THEMIS-GPR21,-0.638236052
0.297779006,16.96565864,FOXP2,Exc-L5-6-THEMIS-GPR21,-0.640131223
3.096808021,56.6888775,CUX2,Exc-L5-6-THEMIS-GPR21,0.637706643
2.185068549,73.24449001,CCK,Exc-L5-6-THEMIS-GPR21,0.62458639
0.009929916,1.127626858,CALB2,Exc-L5-6-THEMIS-GPR21,-0.336445325
0.00124361,0.307534598,CALB1,Exc-L5-6-THEMIS-GPR21,-0.803768163
7.82887562,95.95079446,APP,Exc-L5-6-THEMIS-GPR21,1.936069508
0.132941521,10.14864172,ADARB2,Exc-L5-6-THEMIS-GPR21,-0.465198054
0.648299141,61.14812916,ADARB1,Exc-L5-6-THEMIS-GPR21,-0.637737003
0.001510829,0.147710487,VIP,Inh-LAMP5,-0.313233992
1.306012857,66.98670606,SYP,Inh-LAMP5,-0.758493916
0.018895958,1.255539143,SST,Inh-LAMP5,-0.479401875
0.274676145,17.02363368,RORB,Inh-LAMP5,-0.513044689
5.434197103,94.4239291,RBFOX3,Inh-LAMP5,1.254773284
0.002073961,0.332348597,PVALB,Inh-LAMP5,-0.273539139
0.056313884,4.985228951,PCP4,Inh-LAMP5,-0.462789678
0.123349064,11.07828656,NTNG2,Inh-LAMP5,-0.265096015
10.48185133,94.79320532,NTNG1,Inh-LAMP5,2.5
0.006626991,0.775480059,NPY,Inh-LAMP5,-0.299983106
7.623539227,96.7872969,MAP2,Inh-LAMP5,-1.205647672
0.574419153,41.39586411,LMO4,Inh-LAMP5,-0.906456097
0.277394117,20.05169867,LHX6,Inh-LAMP5,0.328166147
0.414344076,19.20236337,GPC5,Inh-LAMP5,-1.119319434
6.663503146,93.42688331,GAD2,Inh-LAMP5,2.5
3.432130343,84.89660266,GAD1,Inh-LAMP5,1.285652402
0.067634648,4.837518464,FOXP2,Inh-LAMP5,-0.731596457
0.203472455,9.52732644,CUX2,Inh-LAMP5,-0.718034953
2.371728542,70.75332349,CCK,Inh-LAMP5,0.790117809
0.006792465,0.627769572,CALB2,Inh-LAMP5,-0.341832129
0.111621062,9.748892171,CALB1,Inh-LAMP5,0.904094675
6.453106268,94.27621861,APP,Inh-LAMP5,0.349052805
65.55075957,98.33825702,ADARB2,Inh-LAMP5,2.042980739
0.582205225,44.12850812,ADARB1,Inh-LAMP5,-0.893466544
0.006242996,0.457585357,VIP,Exc-L6-FEZF2,-0.298542122
1.589697048,82.89334741,SYP,Exc-L6-FEZF2,0.641317398
0.097544851,2.006335797,SST,Exc-L6-FEZF2,-0.294507228
0.080546072,7.039774727,RORB,Exc-L6-FEZF2,-0.563178711
4.9846334,93.38261176,RBFOX3,Exc-L6-FEZF2,0.87382004
0.002037766,0.38718761,PVALB,Exc-L6-FEZF2,-0.273958988
0.082139895,7.250967969,PCP4,Exc-L6-FEZF2,-0.4043154
0.045867272,6.793382612,NTNG2,Exc-L6-FEZF2,-0.392888669
0.047480136,3.942273847,NTNG1,Exc-L6-FEZF2,-0.635325618
0.055063933,5.80781415,NPY,Exc-L6-FEZF2,-0.135779713
11.45080661,97.81766983,MAP2,Exc-L6-FEZF2,0.928850543
1.127283034,68.14501936,LMO4,Exc-L6-FEZF2,-0.43306739
0.001621588,0.422386484,LHX6,Exc-L6-FEZF2,-0.416629527
4.860245168,58.21893699,GPC5,Exc-L6-FEZF2,1.134729572
0.022817399,3.062302006,GAD2,Exc-L6-FEZF2,-0.571374798
0.024374601,3.132699754,GAD1,Exc-L6-FEZF2,-0.633911895
6.615507627,88.31397395,FOXP2,Exc-L6-FEZF2,1.870695153
0.069699895,8.764519535,CUX2,Exc-L6-FEZF2,-0.780717286
0.180601778,18.19781767,CCK,Exc-L6-FEZF2,-1.152989107
0.028778952,3.203097501,CALB2,Exc-L6-FEZF2,-0.304082738
0.005394188,0.844772967,CALB1,Exc-L6-FEZF2,-0.739546537
6.064017232,94.7905667,APP,Exc-L6-FEZF2,-0.099780277
0.295842086,23.19605773,ADARB2,Exc-L6-FEZF2,-0.458952298
0.555821925,55.82541359,ADARB1,Exc-L6-FEZF2,-0.995548393
0.002893648,0.651465798,VIP,Exc-L5-6-FEZF2-RSAD2,-0.30894078
1.381707887,77.60586319,SYP,Exc-L5-6-FEZF2-RSAD2,-0.384984347
0.011585413,1.954397394,SST,Exc-L5-6-FEZF2-RSAD2,-0.496588137
0.136300161,11.48208469,RORB,Exc-L5-6-FEZF2-RSAD2,-0.548780238
3.314983752,91.7752443,RBFOX3,Exc-L5-6-FEZF2-RSAD2,-0.541014936
0.003282369,0.732899023,PVALB,Exc-L5-6-FEZF2-RSAD2,-0.259521803
1.812567191,67.752443,PCP4,Exc-L5-6-FEZF2-RSAD2,2.5
0.016568772,3.175895765,NTNG2,Exc-L5-6-FEZF2-RSAD2,-0.441211419
0.072252408,4.397394137,NTNG1,Exc-L5-6-FEZF2-RSAD2,-0.626025199
0.006334856,0.732899023,NPY,Exc-L5-6-FEZF2-RSAD2,-0.300973459
10.91989351,97.63843648,MAP2,Exc-L5-6-FEZF2-RSAD2,0.632755976
0.552120963,45.84690554,LMO4,Exc-L5-6-FEZF2-RSAD2,-0.925548883
0.00344274,0.488599349,LHX6,Exc-L5-6-FEZF2-RSAD2,-0.411711031
3.700266332,46.33550489,GPC5,Exc-L5-6-FEZF2-RSAD2,0.546626263
0.031977518,3.990228013,GAD2,Exc-L5-6-FEZF2-RSAD2,-0.566996619
0.050674187,5.13029316,GAD1,Exc-L5-6-FEZF2-RSAD2,-0.619097528
5.205049332,93.97394137,FOXP2,Exc-L5-6-FEZF2-RSAD2,1.310143077
0.107169717,7.247557003,CUX2,Exc-L5-6-FEZF2-RSAD2,-0.763159905
0.093285007,10.34201954,CCK,Exc-L5-6-FEZF2-RSAD2,-1.230422245
0.010918974,1.791530945,CALB2,Exc-L5-6-FEZF2-RSAD2,-0.334747176
0.004719021,0.732899023,CALB1,Exc-L5-6-FEZF2-RSAD2,-0.749993352
5.107701696,94.46254072,APP,Exc-L5-6-FEZF2-RSAD2,-1.20293665
0.223654581,12.13355049,ADARB2,Exc-L5-6-FEZF2-RSAD2,-0.461720032
0.70292938,60.74918567,ADARB1,Exc-L5-6-FEZF2-RSAD2,-0.426362541
0.006294058,0.260416667,VIP,Exc-L2-3-LINC00507-RPL9P17,-0.298383589
1.190227843,71.61458333,SYP,Exc-L2-3-LINC00507-RPL9P17,-1.329823503
0.593839283,14.84375,SST,Exc-L2-3-LINC00507-RPL9P17,0.872224801
0.224422462,13.54166667,RORB,Exc-L2-3-LINC00507-RPL9P17,-0.526022684
4.202628819,92.1875,RBFOX3,Exc-L2-3-LINC00507-RPL9P17,0.211161599
0,0,PVALB,Exc-L2-3-LINC00507-RPL9P17,-0.297596754
0.206043556,12.5,PCP4,Exc-L2-3-LINC00507-RPL9P17,-0.123777416
0.179683733,20.05208333,NTNG2,Exc-L2-3-LINC00507-RPL9P17,-0.172181838
0.594075335,26.04166667,NTNG1,Exc-L2-3-LINC00507-RPL9P17,-0.430113739
0.003257452,0.520833333,NPY,Exc-L2-3-LINC00507-RPL9P17,-0.311405995
13.8393889,99.73958333,MAP2,Exc-L2-3-LINC00507-RPL9P17,2.260982352
1.511780422,75.52083333,LMO4,Exc-L2-3-LINC00507-RPL9P17,-0.103842191
0.003864162,0.520833333,LHX6,Exc-L2-3-LINC00507-RPL9P17,-0.41057287
1.650758408,41.14583333,GPC5,Exc-L2-3-LINC00507-RPL9P17,-0.492463721
0.113937826,5.46875,GAD2,Exc-L2-3-LINC00507-RPL9P17,-0.52782279
0.028365128,2.604166667,GAD1,Exc-L2-3-LINC00507-RPL9P17,-0.63166406
0.026014719,3.645833333,FOXP2,Exc-L2-3-LINC00507-RPL9P17,-0.748137277
3.963211642,90.625,CUX2,Exc-L2-3-LINC00507-RPL9P17,1.043680786
1.883278695,58.07291667,CCK,Exc-L2-3-LINC00507-RPL9P17,0.356956984
0.002883225,0.520833333,CALB2,Exc-L2-3-LINC00507-RPL9P17,-0.348544043
0.073310917,10.9375,CALB1,Exc-L2-3-LINC00507-RPL9P17,0.311324395
6.461653665,98.17708333,APP,Exc-L2-3-LINC00507-RPL9P17,0.358912642
0.129374299,8.59375,ADARB2,Exc-L2-3-LINC00507-RPL9P17,-0.465334824
1.026739346,70.57291667,ADARB1,Exc-L2-3-LINC00507-RPL9P17,0.826517895
0.004455375,0.833333333,VIP,Exc-L3-5-FEZF2-ONECUT1,-0.304092115
1.519597323,68.33333333,SYP,Exc-L3-5-FEZF2-ONECUT1,0.295417304
0.067281031,1.666666667,SST,Exc-L3-5-FEZF2-ONECUT1,-0.365654044
0.415711611,7.5,RORB,Exc-L3-5-FEZF2-ONECUT1,-0.476622329
2.568230611,75.83333333,RBFOX3,Exc-L3-5-FEZF2-ONECUT1,-1.173801859
0,0,PVALB,Exc-L3-5-FEZF2-ONECUT1,-0.297596754
0.39262638,33.33333333,PCP4,Exc-L3-5-FEZF2-ONECUT1,0.298676358
0.240051967,19.16666667,NTNG2,Exc-L3-5-FEZF2-ONECUT1,-0.072615001
3.426356929,71.66666667,NTNG1,Exc-L3-5-FEZF2-ONECUT1,0.633228619
0.173704208,1.666666667,NPY,Exc-L3-5-FEZF2-ONECUT1,0.26641611
10.91196759,82.5,MAP2,Exc-L3-5-FEZF2-ONECUT1,0.62833563
1.22885434,58.33333333,LMO4,Exc-L3-5-FEZF2-ONECUT1,-0.346097142
0,0,LHX6,Exc-L3-5-FEZF2-ONECUT1,-0.421009048
3.95736061,48.33333333,GPC5,Exc-L3-5-FEZF2-ONECUT1,0.676971741
0.021197794,2.5,GAD2,Exc-L3-5-FEZF2-ONECUT1,-0.572148907
0.025441951,2.5,GAD1,Exc-L3-5-FEZF2-ONECUT1,-0.633310665
1.026676841,16.66666667,FOXP2,Exc-L3-5-FEZF2-ONECUT1,-0.350448646
1.046051791,24.16666667,CUX2,Exc-L3-5-FEZF2-ONECUT1,-0.323224249
0.149577311,13.33333333,CCK,Exc-L3-5-FEZF2-ONECUT1,-1.180501826
0.002308403,0.833333333,CALB2,Exc-L3-5-FEZF2-ONECUT1,-0.349530976
0.004364144,0.833333333,CALB1,Exc-L3-5-FEZF2-ONECUT1,-0.755484342
5.05965372,79.16666667,APP,Exc-L3-5-FEZF2-ONECUT1,-1.258362321
0.880088004,21.66666667,ADARB2,Exc-L3-5-FEZF2-ONECUT1,-0.436551777
0.6043685,49.16666667,ADARB1,Exc-L3-5-FEZF2-ONECUT1,-0.80771275